,lr_mean,train0_dice_DSC0,train0_dice_DSC1,train0_dice_DSC2,train0_dice_DSC3,train0_dice_DSC_mean,total_loss_mean,sup_loss_mean,rein_loss_mean,lds_mean,weight_mean,val_c0reward_mean,train_c0reward_mean,val_c1reward_mean,train_c1reward_mean,val_c2reward_mean,train_c2reward_mean,val0_dice_DSC0,val0_dice_DSC1,val0_dice_DSC2,val0_dice_DSC3,val0_dice_DSC_mean,ensemble_dice_DSC0,ensemble_dice_DSC1,ensemble_dice_DSC2,ensemble_dice_DSC3,ensemble_dice_DSC_mean
0,1e-05,,,,,,,,,,0.0,tensor(0.),,tensor(1.),,tensor(1.),,3.2828770084314396e-12,0.037065330892801285,1.5458759272668487e-10,2.0395475586187928e-10,0.012355110417114545,3.2828770084314396e-12,0.037065330892801285,1.5458759272668487e-10,2.0395475586187928e-10,0.012355110417114545
1,0.00030900000000000003,,,,,,,,,,0.0,tensor(0.),,tensor(1.),,tensor(1.),,3.2828770084314396e-12,0.037065330892801285,1.5458759272668487e-10,2.0395475586187928e-10,0.012355110417114545,3.2828770084314396e-12,0.037065330892801285,1.5458759272668487e-10,2.0395475586187928e-10,0.012355110417114545
